"","site","date","phase"
"1","",2022-03-29,NA
"2","",2022-03-30,NA
"3","",2022-03-31,NA
"4","",2022-04-01,NA
"5","",2022-04-02,NA
"6","",2022-04-03,NA
"7","",2022-04-04,NA
"8","",2022-04-05,NA
"9","",2022-04-06,NA
"10","",2022-04-07,NA
"11","",2022-04-08,NA
"12","",2022-04-09,NA
"13","",2022-04-10,NA
"14","",2022-04-11,NA
"15","",2022-04-12,NA
"16","",2022-04-13,NA
"17","",2022-04-14,NA
"18","",2022-04-15,NA
"19","",2022-04-16,NA
"20","",2022-04-17,NA
"21","",2022-04-18,NA
"22","",2022-04-19,NA
"23","",2022-04-20,NA
"24","",2022-04-21,NA
"25","",2022-04-22,NA
"26","",2022-04-23,NA
"27","",2022-04-24,NA
"28","",2022-04-25,NA
"29","",2022-04-26,NA
"30","",2022-04-27,NA
"31","",2022-04-28,NA
"32","",2022-04-29,NA
"33","",2022-04-30,NA
"34","",2022-05-01,NA
"35","",2022-05-02,NA
"36","",2022-05-03,NA
"37","",2022-05-04,NA
"38","",2022-05-05,NA
"39","",2022-05-06,NA
"40","",2022-05-07,NA
"41","",2022-05-08,NA
"42","",2022-05-09,NA
"43","",2022-05-10,NA
"44","",2022-05-11,NA
"45","",2022-05-12,NA
"46","",2022-05-13,NA
"47","",2022-05-14,NA
"48","",2022-05-15,NA
"49","",2022-05-16,NA
"50","",2022-05-17,NA
"51","",2022-05-18,NA
"52","",2022-05-19,NA
"53","",2022-05-20,NA
"54","",2022-05-21,NA
"55","",2022-05-22,NA
"56","",2022-05-23,NA
"57","",2022-05-24,NA
"58","",2022-05-25,NA
"59","",2022-05-26,NA
"60","",2022-05-27,NA
"61","",2022-05-28,NA
"62","",2022-05-29,NA
"63","",2022-05-30,NA
"64","",2022-05-31,NA
"65","",2022-06-01,NA
"66","",2022-06-02,NA
"67","",2022-06-03,NA
"68","",2022-06-04,NA
"69","",2022-06-05,NA
"70","",2022-06-06,NA
"71","",2022-06-07,NA
"72","",2022-06-08,NA
"73","",2022-06-09,NA
"74","",2022-06-10,NA
"75","",2022-06-11,NA
"76","",2022-06-12,NA
"77","",2022-06-13,NA
"78","",2022-06-14,NA
"79","",2022-06-15,NA
"80","",2022-06-16,NA
"81","",2022-06-17,NA
"82","",2022-06-18,NA
"83","",2022-06-19,NA
"84","",2022-06-20,NA
"85","",2022-06-21,NA
"86","",2022-06-22,NA
"87","",2022-06-23,NA
"88","",2022-06-24,NA
"89","",2022-06-25,NA
"90","",2022-06-26,NA
"91","",2022-06-27,NA
"92","",2022-06-28,NA
"93","",2022-06-29,NA
"94","",2023-03-25,NA
"95","",2023-03-26,NA
"96","",2023-03-27,NA
"97","",2023-03-28,NA
"98","",2023-03-29,NA
"99","",2023-03-30,NA
"100","",2023-03-31,NA
"101","",2023-04-01,NA
"102","",2023-04-02,NA
"103","",2023-04-03,NA
"104","",2023-04-04,NA
"105","",2023-04-05,NA
"106","",2023-04-06,NA
"107","",2023-04-07,NA
"108","",2023-04-08,NA
"109","",2023-04-09,NA
"110","",2023-04-10,NA
"111","",2023-04-11,NA
"112","",2023-04-12,NA
"113","",2023-04-13,NA
"114","",2023-04-14,NA
"115","",2023-04-15,NA
"116","",2023-04-16,NA
"117","",2023-04-17,NA
"118","",2023-04-18,NA
"119","",2023-04-19,NA
"120","",2023-04-20,NA
"121","",2023-04-21,NA
"122","",2023-04-22,NA
"123","",2023-04-23,NA
"124","",2023-04-24,NA
"125","",2023-04-25,NA
"126","",2023-04-26,NA
"127","",2023-04-27,NA
"128","",2023-04-28,NA
"129","",2023-04-29,NA
"130","",2023-04-30,NA
"131","",2023-05-01,NA
"132","",2023-05-02,NA
"133","",2023-05-03,NA
"134","",2023-05-04,NA
"135","",2023-05-05,NA
"136","",2023-05-06,NA
"137","",2023-05-07,NA
"138","",2023-05-08,NA
"139","",2023-05-09,NA
"140","",2023-05-10,NA
"141","",2023-05-11,NA
"142","",2023-05-12,NA
"143","",2023-05-13,NA
"144","",2023-05-14,NA
"145","",2023-05-15,NA
"146","",2023-05-16,NA
"147","",2023-05-17,NA
"148","",2023-05-18,NA
"149","",2023-05-19,NA
"150","",2023-05-20,NA
"151","",2023-05-21,NA
"152","",2023-05-22,NA
"153","",2023-05-23,NA
"154","",2023-05-24,NA
"155","",2023-05-25,NA
"156","",2023-05-26,NA
"157","",2023-05-27,NA
"158","",2023-05-28,NA
"159","",2023-05-29,NA
"160","",2023-05-30,NA
"161","",2023-05-31,NA
"162","",2023-06-01,NA
"163","",2023-06-02,NA
"164","",2023-06-03,NA
"165","",2023-06-04,NA
"166","",2023-06-05,NA
"167","",2023-06-06,NA
"168","",2023-06-07,NA
"169","",2023-06-08,NA
"170","",2023-06-09,NA
"171","",2023-06-10,NA
"172","",2023-06-11,NA
"173","",2023-06-12,NA
"174","",2023-06-13,NA
"175","",2023-06-14,NA
"176","",2023-06-15,NA
"177","",2023-06-16,NA
"178","",2023-06-17,NA
"179","",2023-06-18,NA
"180","",2023-06-19,NA
"181","",2023-06-20,NA
"182","",2023-06-21,NA
"183","",2023-06-22,NA
"184","",2023-06-23,NA
"185","",2023-06-24,NA
"186","",2023-06-25,NA
"187","",2023-06-26,NA
"188","",2023-06-27,NA
"189","",2023-06-28,NA
"190","",2023-06-29,NA
"191","",2023-06-30,NA
"192","",2023-07-01,NA
"193","",2023-07-02,NA
"194","",2023-07-03,NA
"195","",2023-07-04,NA
"196","M",2022-03-29,NA
"197","M",2022-03-30,NA
"198","M",2022-03-31,NA
"199","M",2022-04-01,NA
"200","M",2022-04-02,NA
"201","M",2022-04-03,NA
"202","M",2022-04-04,NA
"203","M",2022-04-05,NA
"204","M",2022-04-06,NA
"205","M",2022-04-07,NA
"206","M",2022-04-08,NA
"207","M",2022-04-09,NA
"208","M",2022-04-10,NA
"209","M",2022-04-11,NA
"210","M",2022-04-12,NA
"211","M",2022-04-13,NA
"212","M",2022-04-14,NA
"213","M",2022-04-15,NA
"214","M",2022-04-16,NA
"215","M",2022-04-17,NA
"216","M",2022-04-18,NA
"217","M",2022-04-19,NA
"218","M",2022-04-20,NA
"219","M",2022-04-21,NA
"220","M",2022-04-22,NA
"221","M",2022-04-23,NA
"222","M",2022-04-24,NA
"223","M",2022-04-25,NA
"224","M",2022-04-26,NA
"225","M",2022-04-27,NA
"226","M",2022-04-28,NA
"227","M",2022-04-29,NA
"228","M",2022-04-30,NA
"229","M",2022-05-01,NA
"230","M",2022-05-02,NA
"231","M",2022-05-03,NA
"232","M",2022-05-04,NA
"233","M",2022-05-05,NA
"234","M",2022-05-06,NA
"235","M",2022-05-07,NA
"236","M",2022-05-08,NA
"237","M",2022-05-09,NA
"238","M",2022-05-10,NA
"239","M",2022-05-11,NA
"240","M",2022-05-12,NA
"241","M",2022-05-13,NA
"242","M",2022-05-14,NA
"243","M",2022-05-15,NA
"244","M",2022-05-16,NA
"245","M",2022-05-17,NA
"246","M",2022-05-18,NA
"247","M",2022-05-19,NA
"248","M",2022-05-20,NA
"249","M",2022-05-21,NA
"250","M",2022-05-22,NA
"251","M",2022-05-23,NA
"252","M",2022-05-24,NA
"253","M",2022-05-25,NA
"254","M",2022-05-26,NA
"255","M",2022-05-27,NA
"256","M",2022-05-28,NA
"257","M",2022-05-29,NA
"258","M",2022-05-30,NA
"259","M",2022-05-31,NA
"260","M",2022-06-01,NA
"261","M",2022-06-02,NA
"262","M",2022-06-03,NA
"263","M",2022-06-04,NA
"264","M",2022-06-05,NA
"265","M",2022-06-06,NA
"266","M",2022-06-07,NA
"267","M",2022-06-08,NA
"268","M",2022-06-09,NA
"269","M",2022-06-10,NA
"270","M",2022-06-11,NA
"271","M",2022-06-12,NA
"272","M",2022-06-13,NA
"273","M",2022-06-14,NA
"274","M",2022-06-15,NA
"275","M",2022-06-16,NA
"276","M",2022-06-17,NA
"277","M",2022-06-18,NA
"278","M",2022-06-19,NA
"279","M",2022-06-20,NA
"280","M",2022-06-21,NA
"281","M",2022-06-22,NA
"282","M",2022-06-23,NA
"283","M",2022-06-24,NA
"284","M",2022-06-25,NA
"285","M",2022-06-26,NA
"286","M",2022-06-27,NA
"287","M",2022-06-28,NA
"288","M",2022-06-29,NA
"289","M",2023-03-25,NA
"290","M",2023-03-26,NA
"291","M",2023-03-27,NA
"292","M",2023-03-28,NA
"293","M",2023-03-29,NA
"294","M",2023-03-30,NA
"295","M",2023-03-31,NA
"296","M",2023-04-01,NA
"297","M",2023-04-02,NA
"298","M",2023-04-03,NA
"299","M",2023-04-04,NA
"300","M",2023-04-05,NA
"301","M",2023-04-06,NA
"302","M",2023-04-07,NA
"303","M",2023-04-08,NA
"304","M",2023-04-09,NA
"305","M",2023-04-10,NA
"306","M",2023-04-11,NA
"307","M",2023-04-12,NA
"308","M",2023-04-13,NA
"309","M",2023-04-14,NA
"310","M",2023-04-15,NA
"311","M",2023-04-16,NA
"312","M",2023-04-17,NA
"313","M",2023-04-18,NA
"314","M",2023-04-19,NA
"315","M",2023-04-20,NA
"316","M",2023-04-21,NA
"317","M",2023-04-22,NA
"318","M",2023-04-23,NA
"319","M",2023-04-24,NA
"320","M",2023-04-25,NA
"321","M",2023-04-26,NA
"322","M",2023-04-27,NA
"323","M",2023-04-28,NA
"324","M",2023-04-29,NA
"325","M",2023-04-30,NA
"326","M",2023-05-01,NA
"327","M",2023-05-02,NA
"328","M",2023-05-03,NA
"329","M",2023-05-04,NA
"330","M",2023-05-05,NA
"331","M",2023-05-06,NA
"332","M",2023-05-07,NA
"333","M",2023-05-08,NA
"334","M",2023-05-09,NA
"335","M",2023-05-10,NA
"336","M",2023-05-11,NA
"337","M",2023-05-12,NA
"338","M",2023-05-13,NA
"339","M",2023-05-14,NA
"340","M",2023-05-15,NA
"341","M",2023-05-16,NA
"342","M",2023-05-17,NA
"343","M",2023-05-18,NA
"344","M",2023-05-19,NA
"345","M",2023-05-20,NA
"346","M",2023-05-21,NA
"347","M",2023-05-22,NA
"348","M",2023-05-23,NA
"349","M",2023-05-24,NA
"350","M",2023-05-25,NA
"351","M",2023-05-26,NA
"352","M",2023-05-27,NA
"353","M",2023-05-28,NA
"354","M",2023-05-29,NA
"355","M",2023-05-30,NA
"356","M",2023-05-31,NA
"357","M",2023-06-01,NA
"358","M",2023-06-02,NA
"359","M",2023-06-03,NA
"360","M",2023-06-04,NA
"361","M",2023-06-05,NA
"362","M",2023-06-06,NA
"363","M",2023-06-07,NA
"364","M",2023-06-08,NA
"365","M",2023-06-09,NA
"366","M",2023-06-10,NA
"367","M",2023-06-11,NA
"368","M",2023-06-12,NA
"369","M",2023-06-13,NA
"370","M",2023-06-14,NA
"371","M",2023-06-15,NA
"372","M",2023-06-16,NA
"373","M",2023-06-17,NA
"374","M",2023-06-18,NA
"375","M",2023-06-19,NA
"376","M",2023-06-20,NA
"377","M",2023-06-21,NA
"378","M",2023-06-22,NA
"379","M",2023-06-23,NA
"380","M",2023-06-24,NA
"381","M",2023-06-25,NA
"382","M",2023-06-26,NA
"383","M",2023-06-27,NA
"384","M",2023-06-28,NA
"385","M",2023-06-29,NA
"386","M",2023-06-30,NA
"387","M",2023-07-01,NA
"388","M",2023-07-02,NA
"389","M",2023-07-03,NA
"390","M",2023-07-04,NA
"391","X",2022-03-29,"Pre-Lay"
"392","X",2022-03-30,"Pre-Lay"
"393","X",2022-03-31,"Pre-Lay"
"394","X",2022-04-01,"Pre-Lay"
"395","X",2022-04-02,"Pre-Lay"
"396","X",2022-04-03,"Pre-Lay"
"397","X",2022-04-04,"Pre-Lay"
"398","X",2022-04-05,"Pre-Lay"
"399","X",2022-04-06,"Pre-Lay"
"400","X",2022-04-07,"Pre-Lay"
"401","X",2022-04-08,"Pre-Lay"
"402","X",2022-04-09,"Pre-Lay"
"403","X",2022-04-10,"Pre-Lay"
"404","X",2022-04-11,"Pre-Lay"
"405","X",2022-04-12,"Pre-Lay"
"406","X",2022-04-13,"Pre-Lay"
"407","X",2022-04-14,"Pre-Lay"
"408","X",2022-04-15,"Pre-Lay"
"409","X",2022-04-16,"Pre-Lay"
"410","X",2022-04-17,"Incubation"
"411","X",2022-04-18,"Incubation"
"412","X",2022-04-19,"Incubation"
"413","X",2022-04-20,"Incubation"
"414","X",2022-04-21,"Incubation"
"415","X",2022-04-22,"Incubation"
"416","X",2022-04-23,"Incubation"
"417","X",2022-04-24,"Incubation"
"418","X",2022-04-25,"Incubation"
"419","X",2022-04-26,"Incubation"
"420","X",2022-04-27,"Incubation"
"421","X",2022-04-28,"Incubation"
"422","X",2022-04-29,"Incubation"
"423","X",2022-04-30,"Incubation"
"424","X",2022-05-01,"Incubation"
"425","X",2022-05-02,"Incubation"
"426","X",2022-05-03,"Incubation"
"427","X",2022-05-04,"Provisioning"
"428","X",2022-05-05,"Provisioning"
"429","X",2022-05-06,"Provisioning"
"430","X",2022-05-07,"Provisioning"
"431","X",2022-05-08,"Provisioning"
"432","X",2022-05-09,"Provisioning"
"433","X",2022-05-10,"Provisioning"
"434","X",2022-05-11,"Provisioning"
"435","X",2022-05-12,"Provisioning"
"436","X",2022-05-13,"Provisioning"
"437","X",2022-05-14,"Provisioning"
"438","X",2022-05-15,"Provisioning"
"439","X",2022-05-16,"Provisioning"
"440","X",2022-05-17,"Provisioning"
"441","X",2022-05-18,"Provisioning"
"442","X",2022-05-19,"Provisioning"
"443","X",2022-05-20,"Provisioning"
"444","X",2022-05-21,"Provisioning"
"445","X",2022-05-22,"Provisioning"
"446","X",2022-05-23,"Provisioning"
"447","X",2022-05-24,"Provisioning"
"448","X",2022-05-25,"Provisioning"
"449","X",2022-05-26,"Provisioning"
"450","X",2022-05-27,"Provisioning"
"451","X",2022-05-28,"Provisioning"
"452","X",2022-05-29,"Provisioning"
"453","X",2022-05-30,"Provisioning"
"454","X",2022-05-31,"Provisioning"
"455","X",2022-06-01,"Provisioning"
"456","X",2022-06-02,"Provisioning"
"457","X",2022-06-03,"Provisioning"
"458","X",2022-06-04,"Provisioning"
"459","X",2022-06-05,"Provisioning"
"460","X",2022-06-06,"Provisioning"
"461","X",2022-06-07,"Provisioning"
"462","X",2022-06-08,"Provisioning"
"463","X",2022-06-09,"Fledge"
"464","X",2022-06-10,"Fledge"
"465","X",2022-06-11,"Fledge"
"466","X",2022-06-12,"Fledge"
"467","X",2022-06-13,"Fledge"
"468","X",2022-06-14,"Fledge"
"469","X",2022-06-15,"Fledge"
"470","X",2022-06-16,"Fledge"
"471","X",2022-06-17,"Fledge"
"472","X",2022-06-18,"Fledge"
"473","X",2022-06-19,"Fledge"
"474","X",2022-06-20,"Fledge"
"475","X",2022-06-21,"Fledge"
"476","X",2022-06-22,"Fledge"
"477","X",2022-06-23,"Fledge"
"478","X",2022-06-24,"Fledge"
"479","X",2022-06-25,"Fledge"
"480","X",2022-06-26,"Fledge"
"481","X",2022-06-27,"Fledge"
"482","X",2022-06-28,"Fledge"
"483","X",2022-06-29,"Fledge"
"484","X",2023-03-25,"Pre-Lay"
"485","X",2023-03-26,"Pre-Lay"
"486","X",2023-03-27,"Pre-Lay"
"487","X",2023-03-28,"Pre-Lay"
"488","X",2023-03-29,"Pre-Lay"
"489","X",2023-03-30,"Pre-Lay"
"490","X",2023-03-31,"Pre-Lay"
"491","X",2023-04-01,"Pre-Lay"
"492","X",2023-04-02,"Pre-Lay"
"493","X",2023-04-03,"Pre-Lay"
"494","X",2023-04-04,"Pre-Lay"
"495","X",2023-04-05,"Pre-Lay"
"496","X",2023-04-06,"Pre-Lay"
"497","X",2023-04-07,"Pre-Lay"
"498","X",2023-04-08,"Pre-Lay"
"499","X",2023-04-09,"Pre-Lay"
"500","X",2023-04-10,"Pre-Lay"
"501","X",2023-04-11,"Pre-Lay"
"502","X",2023-04-12,"Pre-Lay"
"503","X",2023-04-13,"Pre-Lay"
"504","X",2023-04-14,"Pre-Lay"
"505","X",2023-04-15,"Pre-Lay"
"506","X",2023-04-16,"Pre-Lay"
"507","X",2023-04-17,"Incubation"
"508","X",2023-04-18,"Incubation"
"509","X",2023-04-19,"Incubation"
"510","X",2023-04-20,"Incubation"
"511","X",2023-04-21,"Incubation"
"512","X",2023-04-22,"Incubation"
"513","X",2023-04-23,"Incubation"
"514","X",2023-04-24,"Incubation"
"515","X",2023-04-25,"Incubation"
"516","X",2023-04-26,"Incubation"
"517","X",2023-04-27,"Incubation"
"518","X",2023-04-28,"Incubation"
"519","X",2023-04-29,"Incubation"
"520","X",2023-04-30,"Incubation"
"521","X",2023-05-01,"Incubation"
"522","X",2023-05-02,"Incubation"
"523","X",2023-05-03,"Incubation"
"524","X",2023-05-04,"Incubation"
"525","X",2023-05-05,"Incubation"
"526","X",2023-05-06,"Incubation"
"527","X",2023-05-07,"Provisioning"
"528","X",2023-05-08,"Provisioning"
"529","X",2023-05-09,"Provisioning"
"530","X",2023-05-10,"Provisioning"
"531","X",2023-05-11,"Provisioning"
"532","X",2023-05-12,"Provisioning"
"533","X",2023-05-13,"Provisioning"
"534","X",2023-05-14,"Provisioning"
"535","X",2023-05-15,"Provisioning"
"536","X",2023-05-16,"Provisioning"
"537","X",2023-05-17,"Provisioning"
"538","X",2023-05-18,"Provisioning"
"539","X",2023-05-19,"Provisioning"
"540","X",2023-05-20,"Provisioning"
"541","X",2023-05-21,"Provisioning"
"542","X",2023-05-22,"Provisioning"
"543","X",2023-05-23,"Provisioning"
"544","X",2023-05-24,"Provisioning"
"545","X",2023-05-25,"Provisioning"
"546","X",2023-05-26,"Provisioning"
"547","X",2023-05-27,"Provisioning"
"548","X",2023-05-28,"Provisioning"
"549","X",2023-05-29,"Provisioning"
"550","X",2023-05-30,"Provisioning"
"551","X",2023-05-31,"Provisioning"
"552","X",2023-06-01,"Provisioning"
"553","X",2023-06-02,"Provisioning"
"554","X",2023-06-03,"Provisioning"
"555","X",2023-06-04,"Provisioning"
"556","X",2023-06-05,"Provisioning"
"557","X",2023-06-06,"Provisioning"
"558","X",2023-06-07,"Provisioning"
"559","X",2023-06-08,"Provisioning"
"560","X",2023-06-09,"Provisioning"
"561","X",2023-06-10,"Fledge"
"562","X",2023-06-11,"Fledge"
"563","X",2023-06-12,"Fledge"
"564","X",2023-06-13,"Fledge"
"565","X",2023-06-14,"Fledge"
"566","X",2023-06-15,"Fledge"
"567","X",2023-06-16,"Fledge"
"568","X",2023-06-17,"Fledge"
"569","X",2023-06-18,"Fledge"
"570","X",2023-06-19,"Fledge"
"571","X",2023-06-20,"Fledge"
"572","X",2023-06-21,"Fledge"
"573","X",2023-06-22,"Fledge"
"574","X",2023-06-23,"Fledge"
"575","X",2023-06-24,"Fledge"
"576","X",2023-06-25,"Fledge"
"577","X",2023-06-26,"Fledge"
"578","X",2023-06-27,"Fledge"
"579","X",2023-06-28,"Fledge"
"580","X",2023-06-29,"Fledge"
"581","X",2023-06-30,"Fledge"
"582","X",2023-07-01,"Fledge"
"583","X",2023-07-02,"Fledge"
"584","X",2023-07-03,"Fledge"
"585","X",2023-07-04,"Fledge"
"586","Y",2022-03-29,"Pre-Lay"
"587","Y",2022-03-30,"Pre-Lay"
"588","Y",2022-03-31,"Pre-Lay"
"589","Y",2022-04-01,"Pre-Lay"
"590","Y",2022-04-02,"Pre-Lay"
"591","Y",2022-04-03,"Pre-Lay"
"592","Y",2022-04-04,"Pre-Lay"
"593","Y",2022-04-05,"Pre-Lay"
"594","Y",2022-04-06,"Pre-Lay"
"595","Y",2022-04-07,"Pre-Lay"
"596","Y",2022-04-08,"Pre-Lay"
"597","Y",2022-04-09,"Pre-Lay"
"598","Y",2022-04-10,"Pre-Lay"
"599","Y",2022-04-11,"Pre-Lay"
"600","Y",2022-04-12,"Pre-Lay"
"601","Y",2022-04-13,"Pre-Lay"
"602","Y",2022-04-14,"Pre-Lay"
"603","Y",2022-04-15,"Pre-Lay"
"604","Y",2022-04-16,"Pre-Lay"
"605","Y",2022-04-17,"Incubation"
"606","Y",2022-04-18,"Incubation"
"607","Y",2022-04-19,"Incubation"
"608","Y",2022-04-20,"Incubation"
"609","Y",2022-04-21,"Incubation"
"610","Y",2022-04-22,"Incubation"
"611","Y",2022-04-23,"Incubation"
"612","Y",2022-04-24,"Incubation"
"613","Y",2022-04-25,"Incubation"
"614","Y",2022-04-26,"Incubation"
"615","Y",2022-04-27,"Incubation"
"616","Y",2022-04-28,"Incubation"
"617","Y",2022-04-29,"Incubation"
"618","Y",2022-04-30,"Incubation"
"619","Y",2022-05-01,"Incubation"
"620","Y",2022-05-02,"Incubation"
"621","Y",2022-05-03,"Incubation"
"622","Y",2022-05-04,"Incubation"
"623","Y",2022-05-05,"Provisioning"
"624","Y",2022-05-06,"Provisioning"
"625","Y",2022-05-07,"Provisioning"
"626","Y",2022-05-08,"Provisioning"
"627","Y",2022-05-09,"Provisioning"
"628","Y",2022-05-10,"Provisioning"
"629","Y",2022-05-11,"Provisioning"
"630","Y",2022-05-12,"Provisioning"
"631","Y",2022-05-13,"Provisioning"
"632","Y",2022-05-14,"Provisioning"
"633","Y",2022-05-15,"Provisioning"
"634","Y",2022-05-16,"Provisioning"
"635","Y",2022-05-17,"Provisioning"
"636","Y",2022-05-18,"Provisioning"
"637","Y",2022-05-19,"Provisioning"
"638","Y",2022-05-20,"Provisioning"
"639","Y",2022-05-21,"Provisioning"
"640","Y",2022-05-22,"Provisioning"
"641","Y",2022-05-23,"Provisioning"
"642","Y",2022-05-24,"Provisioning"
"643","Y",2022-05-25,"Provisioning"
"644","Y",2022-05-26,"Provisioning"
"645","Y",2022-05-27,"Provisioning"
"646","Y",2022-05-28,"Provisioning"
"647","Y",2022-05-29,"Provisioning"
"648","Y",2022-05-30,"Provisioning"
"649","Y",2022-05-31,"Provisioning"
"650","Y",2022-06-01,"Provisioning"
"651","Y",2022-06-02,"Provisioning"
"652","Y",2022-06-03,"Provisioning"
"653","Y",2022-06-04,"Provisioning"
"654","Y",2022-06-05,"Provisioning"
"655","Y",2022-06-06,"Provisioning"
"656","Y",2022-06-07,"Provisioning"
"657","Y",2022-06-08,"Provisioning"
"658","Y",2022-06-09,"Provisioning"
"659","Y",2022-06-10,"Provisioning"
"660","Y",2022-06-11,"Fledge"
"661","Y",2022-06-12,"Fledge"
"662","Y",2022-06-13,"Fledge"
"663","Y",2022-06-14,"Fledge"
"664","Y",2022-06-15,"Fledge"
"665","Y",2022-06-16,"Fledge"
"666","Y",2022-06-17,"Fledge"
"667","Y",2022-06-18,"Fledge"
"668","Y",2022-06-19,"Fledge"
"669","Y",2022-06-20,"Fledge"
"670","Y",2022-06-21,"Fledge"
"671","Y",2022-06-22,"Fledge"
"672","Y",2022-06-23,"Fledge"
"673","Y",2022-06-24,"Fledge"
"674","Y",2022-06-25,"Fledge"
"675","Y",2022-06-26,"Fledge"
"676","Y",2022-06-27,"Fledge"
"677","Y",2022-06-28,"Fledge"
"678","Y",2022-06-29,"Fledge"
"679","Y",2023-03-25,"Pre-Lay"
"680","Y",2023-03-26,"Pre-Lay"
"681","Y",2023-03-27,"Pre-Lay"
"682","Y",2023-03-28,"Pre-Lay"
"683","Y",2023-03-29,"Pre-Lay"
"684","Y",2023-03-30,"Pre-Lay"
"685","Y",2023-03-31,"Pre-Lay"
"686","Y",2023-04-01,"Pre-Lay"
"687","Y",2023-04-02,"Pre-Lay"
"688","Y",2023-04-03,"Pre-Lay"
"689","Y",2023-04-04,"Pre-Lay"
"690","Y",2023-04-05,"Pre-Lay"
"691","Y",2023-04-06,"Pre-Lay"
"692","Y",2023-04-07,"Pre-Lay"
"693","Y",2023-04-08,"Pre-Lay"
"694","Y",2023-04-09,"Pre-Lay"
"695","Y",2023-04-10,"Pre-Lay"
"696","Y",2023-04-11,"Pre-Lay"
"697","Y",2023-04-12,"Pre-Lay"
"698","Y",2023-04-13,"Pre-Lay"
"699","Y",2023-04-14,"Pre-Lay"
"700","Y",2023-04-15,"Pre-Lay"
"701","Y",2023-04-16,"Pre-Lay"
"702","Y",2023-04-17,"Pre-Lay"
"703","Y",2023-04-18,"Incubation"
"704","Y",2023-04-19,"Incubation"
"705","Y",2023-04-20,"Incubation"
"706","Y",2023-04-21,"Incubation"
"707","Y",2023-04-22,"Incubation"
"708","Y",2023-04-23,"Incubation"
"709","Y",2023-04-24,"Incubation"
"710","Y",2023-04-25,"Incubation"
"711","Y",2023-04-26,"Incubation"
"712","Y",2023-04-27,"Incubation"
"713","Y",2023-04-28,"Incubation"
"714","Y",2023-04-29,"Incubation"
"715","Y",2023-04-30,"Incubation"
"716","Y",2023-05-01,"Incubation"
"717","Y",2023-05-02,"Incubation"
"718","Y",2023-05-03,"Incubation"
"719","Y",2023-05-04,"Incubation"
"720","Y",2023-05-05,"Incubation"
"721","Y",2023-05-06,"Incubation"
"722","Y",2023-05-07,"Provisioning"
"723","Y",2023-05-08,"Provisioning"
"724","Y",2023-05-09,"Provisioning"
"725","Y",2023-05-10,"Provisioning"
"726","Y",2023-05-11,"Provisioning"
"727","Y",2023-05-12,"Provisioning"
"728","Y",2023-05-13,"Provisioning"
"729","Y",2023-05-14,"Provisioning"
"730","Y",2023-05-15,"Provisioning"
"731","Y",2023-05-16,"Provisioning"
"732","Y",2023-05-17,"Provisioning"
"733","Y",2023-05-18,"Provisioning"
"734","Y",2023-05-19,"Provisioning"
"735","Y",2023-05-20,"Provisioning"
"736","Y",2023-05-21,"Provisioning"
"737","Y",2023-05-22,"Provisioning"
"738","Y",2023-05-23,"Provisioning"
"739","Y",2023-05-24,"Provisioning"
"740","Y",2023-05-25,"Provisioning"
"741","Y",2023-05-26,"Provisioning"
"742","Y",2023-05-27,"Provisioning"
"743","Y",2023-05-28,"Provisioning"
"744","Y",2023-05-29,"Provisioning"
"745","Y",2023-05-30,"Provisioning"
"746","Y",2023-05-31,"Provisioning"
"747","Y",2023-06-01,"Provisioning"
"748","Y",2023-06-02,"Provisioning"
"749","Y",2023-06-03,"Provisioning"
"750","Y",2023-06-04,"Provisioning"
"751","Y",2023-06-05,"Provisioning"
"752","Y",2023-06-06,"Provisioning"
"753","Y",2023-06-07,"Provisioning"
"754","Y",2023-06-08,"Provisioning"
"755","Y",2023-06-09,"Provisioning"
"756","Y",2023-06-10,"Provisioning"
"757","Y",2023-06-11,"Fledge"
"758","Y",2023-06-12,"Fledge"
"759","Y",2023-06-13,"Fledge"
"760","Y",2023-06-14,"Fledge"
"761","Y",2023-06-15,"Fledge"
"762","Y",2023-06-16,"Fledge"
"763","Y",2023-06-17,"Fledge"
"764","Y",2023-06-18,"Fledge"
"765","Y",2023-06-19,"Fledge"
"766","Y",2023-06-20,"Fledge"
"767","Y",2023-06-21,"Fledge"
"768","Y",2023-06-22,"Fledge"
"769","Y",2023-06-23,"Fledge"
"770","Y",2023-06-24,"Fledge"
"771","Y",2023-06-25,"Fledge"
"772","Y",2023-06-26,"Fledge"
"773","Y",2023-06-27,"Fledge"
"774","Y",2023-06-28,"Fledge"
"775","Y",2023-06-29,"Fledge"
"776","Y",2023-06-30,"Fledge"
"777","Y",2023-07-01,"Fledge"
"778","Y",2023-07-02,"Fledge"
"779","Y",2023-07-03,"Fledge"
"780","Y",2023-07-04,"Fledge"
"781","Z",2022-03-29,"Pre-Lay"
"782","Z",2022-03-30,"Pre-Lay"
"783","Z",2022-03-31,"Pre-Lay"
"784","Z",2022-04-01,"Pre-Lay"
"785","Z",2022-04-02,"Pre-Lay"
"786","Z",2022-04-03,"Pre-Lay"
"787","Z",2022-04-04,"Pre-Lay"
"788","Z",2022-04-05,"Pre-Lay"
"789","Z",2022-04-06,"Pre-Lay"
"790","Z",2022-04-07,"Pre-Lay"
"791","Z",2022-04-08,"Pre-Lay"
"792","Z",2022-04-09,"Pre-Lay"
"793","Z",2022-04-10,"Pre-Lay"
"794","Z",2022-04-11,"Pre-Lay"
"795","Z",2022-04-12,"Pre-Lay"
"796","Z",2022-04-13,"Pre-Lay"
"797","Z",2022-04-14,"Pre-Lay"
"798","Z",2022-04-15,"Pre-Lay"
"799","Z",2022-04-16,"Incubation"
"800","Z",2022-04-17,"Incubation"
"801","Z",2022-04-18,"Incubation"
"802","Z",2022-04-19,"Incubation"
"803","Z",2022-04-20,"Incubation"
"804","Z",2022-04-21,"Incubation"
"805","Z",2022-04-22,"Incubation"
"806","Z",2022-04-23,"Incubation"
"807","Z",2022-04-24,"Incubation"
"808","Z",2022-04-25,"Incubation"
"809","Z",2022-04-26,"Incubation"
"810","Z",2022-04-27,"Incubation"
"811","Z",2022-04-28,"Incubation"
"812","Z",2022-04-29,"Incubation"
"813","Z",2022-04-30,"Incubation"
"814","Z",2022-05-01,"Incubation"
"815","Z",2022-05-02,"Incubation"
"816","Z",2022-05-03,"Incubation"
"817","Z",2022-05-04,"Incubation"
"818","Z",2022-05-05,"Incubation"
"819","Z",2022-05-06,"Provisioning"
"820","Z",2022-05-07,"Provisioning"
"821","Z",2022-05-08,"Provisioning"
"822","Z",2022-05-09,"Provisioning"
"823","Z",2022-05-10,"Provisioning"
"824","Z",2022-05-11,"Provisioning"
"825","Z",2022-05-12,"Provisioning"
"826","Z",2022-05-13,"Provisioning"
"827","Z",2022-05-14,"Provisioning"
"828","Z",2022-05-15,"Provisioning"
"829","Z",2022-05-16,"Provisioning"
"830","Z",2022-05-17,"Provisioning"
"831","Z",2022-05-18,"Provisioning"
"832","Z",2022-05-19,"Provisioning"
"833","Z",2022-05-20,"Provisioning"
"834","Z",2022-05-21,"Provisioning"
"835","Z",2022-05-22,"Provisioning"
"836","Z",2022-05-23,"Provisioning"
"837","Z",2022-05-24,"Provisioning"
"838","Z",2022-05-25,"Provisioning"
"839","Z",2022-05-26,"Provisioning"
"840","Z",2022-05-27,"Provisioning"
"841","Z",2022-05-28,"Provisioning"
"842","Z",2022-05-29,"Provisioning"
"843","Z",2022-05-30,"Provisioning"
"844","Z",2022-05-31,"Provisioning"
"845","Z",2022-06-01,"Provisioning"
"846","Z",2022-06-02,"Provisioning"
"847","Z",2022-06-03,"Provisioning"
"848","Z",2022-06-04,"Provisioning"
"849","Z",2022-06-05,"Provisioning"
"850","Z",2022-06-06,"Provisioning"
"851","Z",2022-06-07,"Provisioning"
"852","Z",2022-06-08,"Provisioning"
"853","Z",2022-06-09,"Fledge"
"854","Z",2022-06-10,"Fledge"
"855","Z",2022-06-11,"Fledge"
"856","Z",2022-06-12,"Fledge"
"857","Z",2022-06-13,"Fledge"
"858","Z",2022-06-14,"Fledge"
"859","Z",2022-06-15,"Fledge"
"860","Z",2022-06-16,"Fledge"
"861","Z",2022-06-17,"Fledge"
"862","Z",2022-06-18,"Fledge"
"863","Z",2022-06-19,"Fledge"
"864","Z",2022-06-20,"Fledge"
"865","Z",2022-06-21,"Fledge"
"866","Z",2022-06-22,"Fledge"
"867","Z",2022-06-23,"Fledge"
"868","Z",2022-06-24,"Fledge"
"869","Z",2022-06-25,"Fledge"
"870","Z",2022-06-26,"Fledge"
"871","Z",2022-06-27,"Fledge"
"872","Z",2022-06-28,"Fledge"
"873","Z",2022-06-29,"Fledge"
"874","Z",2023-03-25,"Pre-Lay"
"875","Z",2023-03-26,"Pre-Lay"
"876","Z",2023-03-27,"Pre-Lay"
"877","Z",2023-03-28,"Pre-Lay"
"878","Z",2023-03-29,"Pre-Lay"
"879","Z",2023-03-30,"Pre-Lay"
"880","Z",2023-03-31,"Pre-Lay"
"881","Z",2023-04-01,"Pre-Lay"
"882","Z",2023-04-02,"Pre-Lay"
"883","Z",2023-04-03,"Pre-Lay"
"884","Z",2023-04-04,"Pre-Lay"
"885","Z",2023-04-05,"Pre-Lay"
"886","Z",2023-04-06,"Pre-Lay"
"887","Z",2023-04-07,"Pre-Lay"
"888","Z",2023-04-08,"Pre-Lay"
"889","Z",2023-04-09,"Pre-Lay"
"890","Z",2023-04-10,"Pre-Lay"
"891","Z",2023-04-11,"Pre-Lay"
"892","Z",2023-04-12,"Pre-Lay"
"893","Z",2023-04-13,"Pre-Lay"
"894","Z",2023-04-14,"Pre-Lay"
"895","Z",2023-04-15,"Pre-Lay"
"896","Z",2023-04-16,"Pre-Lay"
"897","Z",2023-04-17,"Incubation"
"898","Z",2023-04-18,"Incubation"
"899","Z",2023-04-19,"Incubation"
"900","Z",2023-04-20,"Incubation"
"901","Z",2023-04-21,"Incubation"
"902","Z",2023-04-22,"Incubation"
"903","Z",2023-04-23,"Incubation"
"904","Z",2023-04-24,"Incubation"
"905","Z",2023-04-25,"Incubation"
"906","Z",2023-04-26,"Incubation"
"907","Z",2023-04-27,"Incubation"
"908","Z",2023-04-28,"Incubation"
"909","Z",2023-04-29,"Incubation"
"910","Z",2023-04-30,"Incubation"
"911","Z",2023-05-01,"Incubation"
"912","Z",2023-05-02,"Incubation"
"913","Z",2023-05-03,"Incubation"
"914","Z",2023-05-04,"Incubation"
"915","Z",2023-05-05,"Incubation"
"916","Z",2023-05-06,"Incubation"
"917","Z",2023-05-07,"Incubation"
"918","Z",2023-05-08,"Provisioning"
"919","Z",2023-05-09,"Provisioning"
"920","Z",2023-05-10,"Provisioning"
"921","Z",2023-05-11,"Provisioning"
"922","Z",2023-05-12,"Provisioning"
"923","Z",2023-05-13,"Provisioning"
"924","Z",2023-05-14,"Provisioning"
"925","Z",2023-05-15,"Provisioning"
"926","Z",2023-05-16,"Provisioning"
"927","Z",2023-05-17,"Provisioning"
"928","Z",2023-05-18,"Provisioning"
"929","Z",2023-05-19,"Provisioning"
"930","Z",2023-05-20,"Provisioning"
"931","Z",2023-05-21,"Provisioning"
"932","Z",2023-05-22,"Provisioning"
"933","Z",2023-05-23,"Provisioning"
"934","Z",2023-05-24,"Provisioning"
"935","Z",2023-05-25,"Provisioning"
"936","Z",2023-05-26,"Provisioning"
"937","Z",2023-05-27,"Provisioning"
"938","Z",2023-05-28,"Provisioning"
"939","Z",2023-05-29,"Provisioning"
"940","Z",2023-05-30,"Provisioning"
"941","Z",2023-05-31,"Provisioning"
"942","Z",2023-06-01,"Provisioning"
"943","Z",2023-06-02,"Provisioning"
"944","Z",2023-06-03,"Provisioning"
"945","Z",2023-06-04,"Provisioning"
"946","Z",2023-06-05,"Provisioning"
"947","Z",2023-06-06,"Provisioning"
"948","Z",2023-06-07,"Provisioning"
"949","Z",2023-06-08,"Provisioning"
"950","Z",2023-06-09,"Provisioning"
"951","Z",2023-06-10,"Provisioning"
"952","Z",2023-06-11,"Provisioning"
"953","Z",2023-06-12,"Fledge"
"954","Z",2023-06-13,"Fledge"
"955","Z",2023-06-14,"Fledge"
"956","Z",2023-06-15,"Fledge"
"957","Z",2023-06-16,"Fledge"
"958","Z",2023-06-17,"Fledge"
"959","Z",2023-06-18,"Fledge"
"960","Z",2023-06-19,"Fledge"
"961","Z",2023-06-20,"Fledge"
"962","Z",2023-06-21,"Fledge"
"963","Z",2023-06-22,"Fledge"
"964","Z",2023-06-23,"Fledge"
"965","Z",2023-06-24,"Fledge"
"966","Z",2023-06-25,"Fledge"
"967","Z",2023-06-26,"Fledge"
"968","Z",2023-06-27,"Fledge"
"969","Z",2023-06-28,"Fledge"
"970","Z",2023-06-29,"Fledge"
"971","Z",2023-06-30,"Fledge"
"972","Z",2023-07-01,"Fledge"
"973","Z",2023-07-02,"Fledge"
"974","Z",2023-07-03,"Fledge"
"975","Z",2023-07-04,"Fledge"
